ESSN,Salary,Name
517-99-8314,338394,Kippie Mordaunt
794-53-0284,51244,Livvyy Syncke
504-71-8143,252308,Theda Colclough
752-04-8263,241485,Rozina Halsho
407-19-0619,48098,Alexei Hemstead
770-81-3154,59722,Cary Ovendon
440-69-9100,406718,Melonie Dronsfield
209-88-9230,408516,Creighton Deeming
227-75-0622,39570,Nial Brewitt
194-92-4513,135012,Jammal Spottiswood
422-92-8431,36805,Francis McClements
770-41-7089,15972,Ernaline Rickerby
504-04-6110,438600,Carlin Franey
699-93-1641,365237,Waly McOwen
113-07-2873,415512,Bancroft O'Beirne
584-68-7772,197705,Aluino Hartin
895-21-3853,423266,Welbie Fowle
679-26-3029,355558,Gerta Megany
266-68-7171,365380,Ninnette Earlam
896-02-0417,381071,Imogene Sunners
592-57-9878,173663,Geno Follis
137-97-7406,239559,Billy Oldnall
679-48-7755,327631,Cathie Lile
503-30-4985,80265,Salvidor Sloley
822-64-1840,488732,Garrik Sandbatch
824-21-3792,295599,Addie Slyme
622-22-6912,161971,Cesya Nerney
881-23-9503,186451,Jon Lammertz
769-19-6102,76934,Leonid Woolsey
286-56-3108,330380,Candie O' Hern
364-37-6347,114436,Herold Kleinplatz
771-15-6112,159320,Dick Czaple
111-45-4474,180928,Cloris Fradson
131-77-6449,433047,Randie McGarrahan
783-40-1335,465821,Brynne Cough
244-60-2789,427668,Beulah Rolling
712-89-2856,241594,Ringo Boothroyd
674-19-5256,42097,Bobbi Finessy
324-38-3905,271854,Antonina McGonigle
263-54-5690,378285,Corabella Jarman
439-66-1927,287127,Olimpia Raggitt
457-96-2414,330778,Seth Liddyard
116-85-9978,485730,Emelyne Eighteen
658-96-7081,207054,Gwen Delmonti
295-68-7345,111867,Torrin Schuster
260-93-6237,344874,Isahella Roscow
626-12-9883,458582,Carlotta Cottle
213-81-3747,119794,Alidia Brimham
590-68-7450,352611,Arney Whale
619-14-1495,7225,Andrew Hubane
321-83-5296,100913,Noellyn Gioani
561-71-9874,266405,Ingaberg Daniely
883-98-3886,285162,Griselda Delgua
398-79-5264,210629,Harcourt Turmel
638-04-3968,167441,Debbi Dyott
394-99-3613,196642,Saxon Timlin
857-26-3224,298945,Shanda Bourgour
182-87-7741,405988,Alexa Chetter
110-31-2252,456945,Sal Peat
639-05-9060,122214,Sinclare Davidescu
364-84-2426,342454,Charmine Greason
822-78-3503,405971,Evie O'Leahy
299-46-6235,162170,Whitby Mallett
465-61-2861,187635,Bathsheba Guidera
893-03-6387,267310,Kent Paulusch
454-75-3164,333085,Natassia Iles
648-50-1674,418065,Cosetta Issac
461-71-4255,286057,Maryanna Malpass
333-82-2141,392330,Doti Kermeen
606-35-7649,153782,Cacilie Ricardot
894-57-1113,441388,Thorstein Sinncock
369-69-1718,44566,Demetrius Manchett
302-23-3556,264501,Sara Ciotto
559-36-8018,277560,Kayley Shorton
851-17-3713,104730,Leif Crollman
224-44-7491,380978,Helaine Ledington
693-69-2864,26608,Gawen Trinbey
863-42-2426,269656,Tatum Blaschke
554-79-6527,18446,Sondra Balser
170-10-4155,167724,Deeann Fitzsymonds
859-53-7140,32814,Frederica Gealle
701-04-2688,221722,Kalil Poulter
218-12-9528,255536,Ingamar Barhims
249-62-4648,401131,Moses Pursglove
191-38-5648,140928,Nanette Sizzey
833-03-3474,478449,Xylina Dashkovich
103-44-4210,2672,Gipsy Lafrentz
110-08-0239,70142,Mendie Rosenthaler
406-47-0548,225868,Erminie Ertel
849-97-6848,124392,Jarrett Moggle
671-08-4211,78275,Carry Rolland
755-66-0146,31936,Cornie Seiller
684-83-8214,277690,Stanislas Lease
176-82-2346,195376,Theadora Beers
352-46-9926,246092,Orazio Foister
195-62-1754,177727,Anallise Theaker
787-55-2684,131072,Marvin Roelofs
833-33-4754,50852,Barris Kmiec
266-99-9761,447652,Ingamar Andreassen
468-03-4886,244165,Virgie Matus
469-26-2460,229525,Nikolaos Pople
137-96-6693,166331,Carine Ashwood
204-43-0822,429299,Siobhan Soeiro
277-33-4631,274218,Kendal Saull
128-61-2115,82950,Laurie Zelland
787-92-9900,336940,Ilka Willets
275-94-3813,481715,Ira Dayne
199-93-1303,380171,Eada Dengel
349-27-8825,222279,Bethena Penwright
748-46-0318,391744,Shena Yegorev
741-16-7252,122907,Rip Lamartine
525-84-2577,370259,Kaitlin O'Noland
531-87-1794,128209,Orrin Duffree
882-62-6834,324447,Dru Toolan
648-92-7383,272615,Fayina Cleator
511-80-6626,390692,Silas Cansdall
185-85-8775,253036,Wilhelmine Rathke
378-88-3480,299944,Tedmund Winsbury
876-29-9072,54859,Garfield Hadwen
453-97-1423,79626,Ayn Agott
594-45-0820,249302,Kerry Lissaman
859-80-5557,429137,Carita Mc Gee
439-76-6159,357476,Margareta Blandamore
889-02-3066,267758,Jayme Louth
231-12-6693,4017,Desiri Bedrosian
353-43-0227,184538,Armando Hasslocher
400-72-8433,462912,Torin Duckhouse
773-03-9917,469887,Helyn McGebenay
530-84-1816,48430,Cozmo Liger
896-17-9668,121865,Rona Este
136-21-0129,403954,Maxie Issac
178-36-9377,367893,Grantham Vedishchev
544-63-6010,428869,Bradly Madigan
128-82-7139,96695,Vivyanne Kuller
367-56-1463,307882,Filippo Raff
210-71-8366,440426,Annice Bispham
722-73-6048,344383,Fredek Chrystie
112-44-3089,474711,Carena Nowakowska
176-01-7761,433528,Salomo Cornelleau
414-35-4105,408133,Ruperto Ribbon
218-41-8579,245894,Pierrette Tellwright
802-03-1960,344802,Janeta Ashbridge
272-78-7867,265422,Launce Airds
378-94-0858,305939,Brigit Sandhill
877-43-9258,122511,Fina Plak
210-70-7534,44157,Lurette Dickenson
437-89-3693,247651,Skylar Wilhelmy
248-01-6911,430586,Dedra Petlyura
491-01-3183,128378,Seumas Aberhart
728-99-0380,105886,Urbanus Giottoi
639-74-7792,431439,Francisco Volage
463-65-0087,455141,Jasen Cawdell
541-14-6916,405092,Augie Pawlett
457-29-2233,193822,Dahlia Lockyear
888-31-5276,192623,Mireille Munn
535-35-0033,497590,Irita Bernaciak
324-51-4140,12354,Morten Dyster
627-02-0626,234947,Reginauld Doberer
389-99-5955,2097,Diahann Swadon
342-77-9227,186134,Brantley Mitchener
528-58-1499,470112,Conchita Yushachkov
341-24-5393,259267,Xylina Mossdale
710-92-5286,250357,Celestia Esmonde
292-38-0041,298997,Leonerd Larway
199-77-9152,436316,Jeremias Colclough
768-74-9723,81508,Averell Chesshyre
131-13-2323,254327,Chic Cater
212-73-0080,349561,Killie Gilloran
215-44-9371,54944,Hercule Melbourne
820-14-0479,94987,Valry Riediger
571-14-5443,299598,Errol Dussy
149-29-8983,290608,Isiahi Mardell
670-03-2263,490125,Vlad Beasleigh
563-96-2876,292589,Doloritas Moodey
563-76-6558,403428,Manda Craik
682-82-8325,77368,Inna Eyeington
529-47-5005,410895,Benedick Blaze
828-28-5924,158975,Herculie Jellett
856-78-2144,377904,Dario Corss
840-26-1476,12046,Mallissa Drable
843-26-4985,15544,Alana Hebblethwaite
267-09-7812,24958,Tammy Winwood
809-25-9612,76986,Dalia Fluin
750-31-8696,373894,Rhetta Andreix
158-32-2367,167474,Herve Caulkett
165-40-6916,125614,Anatollo Fakes
541-61-9543,258071,Rabi Wilkin
403-11-2757,48714,Darlene Klageman
895-22-2568,279047,Nikos Leveritt
202-72-2322,331620,Paquito Giffaut
755-43-2588,166011,Lucais Budik
240-38-3513,347923,Leeann Ewan
835-68-9287,404290,Carol Simony
254-81-2959,170952,Chantalle Huske
155-01-2112,257532,Shae Emeline
785-82-8457,445619,Keeley Napolione
347-96-2618,126487,Billie Antonsson
771-45-4830,69507,Teodorico Ivimey
896-87-9865,782,Gerrard Band
441-24-7965,186322,Andie Shorto
732-08-8774,18814,Lilian Greenrodd
700-24-4924,262055,Carroll Spacy
318-14-2947,445469,Myrlene Trowler
139-11-4878,13105,Sylvia Sheber
269-68-7440,408771,Sigismond Parkin
317-32-9521,436094,Deana Porrett
557-08-6873,97235,Elset Mussetti
870-11-2668,353186,Liana Nettleship
239-56-0971,355728,Rickard Fowden
365-59-0764,426096,Corri Peterffy
506-79-8485,389761,Aylmer Kybert
169-21-4274,257107,Millie Treppas
471-25-1133,141587,Garrett MacTrustram
625-43-8971,181473,Lyon Fry
128-34-4775,120015,Silvester Romain
703-64-7095,32251,Maribel Keets
596-09-2546,50663,Yvonne Maciak
206-35-3591,183811,Riki Niblett
469-36-9853,183364,Elga Cheney
319-75-5238,429809,Daisi Marquez
628-79-1565,124642,Courtney Schiersch
703-31-9851,385367,Orv Yurov
660-67-8134,63840,Samson Hayland
820-93-8559,167652,Edlin Strainge
276-63-3694,371918,Andi Stormont
367-14-4521,232946,Adriano L'Episcopio
814-94-4554,488149,Randi Slocomb
893-43-9086,141735,Ryun Nelhams
279-15-6542,418662,Wanda Mauchline
513-03-3997,299034,Sher Demke
833-85-4828,16660,Heinrik Edgley
564-12-5931,104619,Gayle Dade
111-58-0078,424919,Sammy O'Hogertie
128-45-8618,125478,Fern Vials
404-35-8483,47424,Ly Morforth
826-28-4504,321744,Tim Guerreau
636-63-3947,470624,Fonzie Lydden
516-50-2454,41067,Lowell Courcey
281-54-2452,198650,Benedicto Chatenier
629-38-8163,101588,Carolin Summerell
269-29-7841,499168,Nataniel Phelipeaux
542-72-2255,249248,Goldi Brasener
750-56-0578,453796,Jackelyn Boni
681-98-1736,118762,Tallie Izkovici
774-88-3624,206837,Yorker Firby
775-37-5937,178822,Stesha Chastaing
702-97-8972,197703,Bebe Ponter
194-92-6933,10692,Belvia Sothcott
337-70-9327,294507,Marlyn Rosensaft
793-01-0758,310732,Carmel Bank
628-32-2811,99207,Karylin Shorthouse
249-73-0590,186640,Marni Freeberne
254-71-6824,276684,Garreth Heitz
554-44-0971,314000,Alphonso Capstaff
344-92-1951,88330,Verina Tomovic
139-75-2663,438752,Susan Tudor
123-27-5673,198828,Edmon Gilbeart
635-99-5894,146625,Mair Brosini
455-27-1358,437268,Lanny Eubank
134-08-2366,346354,Lorelle Avrahamian
224-86-4295,239780,Winny Cottier
380-44-2061,27435,Ginger Besantie
501-36-6122,108594,Marietta Hirjak
271-27-2099,3547,Marlee Bannard
304-16-3248,119394,Vasily Gallahar
134-01-8004,305466,Thornton Thwaite
573-31-0609,284283,Janot Heed
679-35-6135,434180,Dedra Kagan
249-12-3216,71250,Seline Mouncey
595-66-9516,385865,Gabriel Trussman
706-61-1424,268757,Davis Pyser
322-29-9713,322313,Lucilia Hardey
612-16-8521,460763,Robers Crennan
833-43-5086,490064,Elle Gourdon
123-47-7538,227508,Claire Nelligan
247-68-2583,45922,Mathilda Goldup
295-16-5999,422005,Linus Jolliss
566-85-4373,119085,Valenka Stovold
792-89-2177,356267,Madalena Arnholtz
377-59-7604,285504,Mitch Cranstoun
385-44-8576,13589,Maxine Haxbie
870-53-3219,422706,Yolanthe Ginnane
109-60-7146,128077,Husain Weymont
471-54-7265,389258,Verney Milthorpe
506-43-9751,471188,Sammy Bowcock
296-71-2081,336230,Ricardo Devenish
864-74-4434,257158,Rosella Shapiro
442-90-9914,286475,Erskine Moyle
130-38-7990,305437,Rina O'Farrell
183-26-0783,87717,Rickard Carlow
570-94-2179,76164,Mathew Spadazzi
325-97-4269,214342,Sterne Swains
673-95-5890,494873,Isa Smorthit
737-61-1702,181550,Daveen Temprell
541-49-5716,405619,Wald Axtens
446-16-4420,127409,Gawain Dickinson
723-74-1974,354011,Colas Maple
333-95-0146,14969,Raymund Fouracre
805-21-6139,171537,Cassandra Barwood
210-58-0127,450403,Chloris Bedingfield
186-97-8724,257348,Camella Keymar
436-86-4467,78641,Fredrika Crauford
507-99-2325,108651,Taite Greenough
253-26-2483,346341,Gavra Canby
850-42-6674,284219,Sander O'Fallone
406-70-6242,218783,Bartolomeo Dobbinson
778-90-2516,117635,Eilis MacGeaney
268-18-7382,389901,Thornie Widdup
133-94-2324,173520,Amelina Berrygun
376-19-1304,354068,Tatiania Iacovielli
836-09-8814,96305,Elora Oris
209-77-6376,110773,Ruthie Hemerijk
251-76-3019,113075,Giraldo Rolles
870-56-6803,373760,Ursa Arnson
265-86-6625,8091,Andra Ixor
879-11-7477,458026,Dagmar Macilhench
598-96-4797,279805,Stacee Fair
130-36-5720,432591,Mirabel Yushankin
580-84-6941,120544,Quintilla Odger
127-47-3221,30388,Bobbie Sinclaire
600-46-3363,208145,Damita Allonby
604-43-0182,192985,Gilberto Odney
285-24-9228,301278,Cari Rizzelli
277-35-0902,466125,Krisha Mees
529-85-7399,422995,Elise Trussell
125-34-4391,111696,Charlena Levane
343-57-9968,437111,Fonsie Tassell
468-38-9446,219130,Marlow Geindre
784-23-9244,65706,Malynda Rudgley
223-30-8989,235338,Ajay Gostyke
628-54-5576,259215,Ezequiel Drei
762-77-3522,120559,Claribel Snel
800-91-9152,8271,Daren Boarer
425-73-0564,298559,Garreth Clemenzi
886-46-7130,307872,Berkeley Le Fevre
574-74-5530,271555,Jocko Abercromby
137-28-0923,153940,Rania Gussie
725-72-3011,76232,Maire Bolding
511-72-7664,216090,Daveen Gilbane
519-90-0995,263391,Mellisent Booth-Jarvis
620-19-4996,155716,Beltran Hellen
429-32-9670,44816,Piggy Brough
315-91-2716,281524,Alister Gulc
703-53-3966,282350,Sigismond Kolodziejski
825-68-8389,134817,Felipa Castagnaro
552-84-6672,467251,Eldon Sparrowhawk
832-69-1707,170721,Fey Fletham
621-23-4343,22557,Hyacintha Rouge
713-72-3553,127840,Laird Saiens
486-09-4048,19772,Mace Kerfod
423-88-2002,370020,Phillie Wearne
637-99-3391,86024,Joshua Klemke
155-66-1797,256601,Margit Glenwright
479-87-7138,165108,Ches Margerison
220-84-7391,393698,Quentin Rapo
757-45-9842,361549,Garey Biggerdike
559-19-0252,125112,Dacie Tomalin
804-96-1590,338676,Kynthia Frary
268-57-0826,118350,Raymond Senter
739-18-3851,189423,Krissie Farquarson
662-59-9559,370750,Horatio Cogley
608-10-6119,99445,Glennis Heam
548-46-5293,365645,Patten Widdows
578-07-4833,196964,Sapphira Jameson
521-02-9521,243297,Leslie Haddock
719-91-9268,438609,Caesar Beddis
623-94-3736,172083,Ly Blueman
231-25-5654,295204,Miller Otley
307-21-1163,353039,Gerek Duce
626-24-5603,273840,Libbie Lebell
748-22-8627,402032,Stanton Brik
301-70-1595,137,Mellicent Stanett
784-28-9375,173536,Lorelei Pedder
451-85-5270,158379,Margalit Rieflin
263-34-9682,308483,Creigh Longhorn
448-05-8843,318907,Barney Andrysek
428-64-8264,40877,Julissa Davidavidovics
184-47-8787,250999,Fancy Borge
405-88-1903,144901,Anjanette Murrigans
684-21-8128,226287,Hamilton Topaz
647-57-8197,221459,Kylen Sharpous
375-35-3303,24143,Alvera Breinl
440-27-9153,145669,Marshal Skillington
504-57-8477,367873,Hagan Sandels
811-04-4391,391167,Charmion Foxworthy
259-95-1465,11423,Gregg Haggie
718-98-1050,172903,Georgianna Bampforth
339-98-1821,45567,Orland McIlharga
846-81-3525,343947,Hannah Skyrm
290-31-5578,261172,Aubine MacGiolla Pheadair
793-72-1520,393486,Marylee Silbert
850-21-5049,265602,Harland Hartfield
589-50-4449,400185,Mohandas Chasemore
671-55-5570,156492,Jacquelyn Endicott
492-95-0017,185997,Rowan Petrina
626-76-9409,302773,Sullivan Riccetti
786-42-2677,42548,Alverta Cantwell
399-38-0858,2591,Will Hearse
559-02-6049,232985,Arty McArt
195-13-1096,54797,Bernadina Hunting
444-92-0626,355228,Moll Gilliatt
271-03-0931,337611,Robinson Edess
266-71-5026,175190,Gottfried Glave
356-67-7074,68581,Araldo Tarbert
290-59-9266,199512,Gavrielle Reggler
160-67-6208,300350,Arabelle Fricker
825-97-1272,176298,Jard O'Feeny
789-91-9874,251362,Jemmy Cantle
266-55-1630,402264,Blondelle Checcuzzi
288-47-0218,182292,Mae Lowndsborough
842-79-1191,53606,Darcy Codrington
351-50-4041,331919,Salmon Jensen
608-45-9971,193538,Tully Mc Gee
286-65-2889,83298,Bobbie Espin
770-62-3892,462128,Susan Wrigley
505-27-2609,190285,Mame Derl
148-39-5684,427314,Cassey Breming
822-57-5953,7517,Chancey Milesop
318-88-6105,226759,Joaquin Taggert
776-35-3405,354694,Webb Whitham
884-13-7744,281877,Lottie Woodworth
154-12-9035,148596,Hortensia Faccini
680-69-5371,195966,Hasty McGeechan
363-29-5766,263863,Wallis Reihm
682-15-0906,287660,Linnell Chittem
691-90-3352,380628,Marcy Couser
205-56-8548,301801,Salem Scarman
807-60-2284,13446,Zulema Calcraft
531-87-4525,252349,Farand Colleymore
620-38-9237,382552,Laurella Rosenshine
632-87-9740,85431,Blake Felton
600-06-0404,211018,Bella Gemmill
518-89-2448,171196,Benita Wingate
247-84-4992,244369,Julienne Millgate
289-44-2816,120047,Pennie Broscombe
508-67-2490,332248,Nydia Shickle
795-88-5346,17742,Gerhard Simko
712-32-8972,76725,Tod Denniss
763-96-1654,472139,Randell Thom
386-73-0139,392864,Reeta Poser
719-11-4900,321323,Margaux McDuall
401-53-4561,478771,Nola Pegden
866-99-9558,188412,Caressa Banes
713-87-3945,384801,Sander Infante
515-22-7029,160772,Ross Airth
833-84-3371,44420,Aubry Olin
128-61-0955,129078,Imojean Mebes
469-27-1707,127424,Maryjane Breche
288-11-3409,245712,Brina Donegan
205-39-9095,225322,Robinett Veasey
443-62-0857,485015,Carling Dake
574-28-8638,398406,Alfi Boss
171-92-6555,237525,Dorelia Scragg
445-33-3890,61333,Yale Crace
500-67-8061,351017,Tim Brudenell
516-93-3054,476820,Martino Slite
751-97-0037,418789,Johannah Dowgill
569-55-3671,444914,Aili Lane
741-53-5700,342372,Roch Donegan
311-94-7034,187746,Fayette Camoys
446-57-5137,393779,Zollie Parcell
349-13-1479,480071,Bibby Mathews
404-72-6592,433149,Auberta Viste
323-21-0015,14429,Merrill Davydenko
188-63-6898,222992,Page Heersema
848-79-1798,22782,Erda Breeton
748-40-9338,306563,Timmy Londsdale
774-63-1756,69893,Sydney Jerram
554-46-4807,342817,Rosalynd Zupa
626-58-3677,165463,Saxe Hatwell
170-97-0422,105328,Jilly Keuning
773-67-5554,166230,Delbert Kalisz
219-94-3993,381809,Alina Clow
641-65-6821,225089,Pauletta Hoyt
752-55-8870,322349,Gianna Poizer
424-05-1149,228139,Cord Wrotchford
288-14-0211,221482,Johnette Phelit
518-57-7906,59735,Mada Lewtey
800-96-0716,87967,Nap Solloway
768-87-8091,150742,Tiffi Lydiate
744-18-2699,246971,Dahlia Gilmartin
823-34-5065,465803,Gery Orrick
679-20-6264,85102,Alfons Moreinis
430-14-6869,14362,Percy Brisbane
551-48-9890,498696,Grenville Letchford
377-66-2900,212675,Sherye Leng
512-38-0187,165203,Susana Amner
247-07-6285,133724,Birk Urlin
417-35-9435,249169,Aleece Merveille
769-87-6565,109370,Elizabeth Thieme
548-92-5265,268718,Dolores Delong
837-27-1707,103084,Rance Shervington
439-31-8747,259772,Bondie Ingledew
199-32-9640,280286,Bing Cossell
124-96-2743,45555,Flora Whenham
625-41-2674,432172,Janetta Featenby
658-58-7779,334607,Jodi Tester
268-24-6257,6578,Gusella Matschoss
328-50-3167,153081,Colver McKinnell
845-44-3845,429725,Golda Pfeffle
